account_id,bioguide_id,mem_name,screen_name,chamber,state_abbr,party_code
37007274,Y000033,Don Young,repdonyoung,House,AK,200
2559398984,Y000033,Don Young,DonYoungAK,House,AK,200
2253968388,B001289,Bradley Byrne,RepByrne,House,AL,200
42481696,B001289,Bradley Byrne,BradleyByrne,House,AL,200
2861616083,P000609,Gary Palmer,USRepGaryPalmer,House,AL,200
2296943622,P000609,Gary Palmer,Palmer4Alabama,House,AL,200
224294785,R000591,Martha Roby,RepMarthaRoby,House,AL,200
69086398,R000591,Martha Roby,TeamRoby,House,AL,200
237299871,B001274,Mo Brooks,RepMoBrooks,House,AL,200
68277792,B001274,Mo Brooks,MoInTheHouse,House,AL,200
76452765,A000055,Robert Aderholt,Robert_Aderholt,House,AL,200
804359648,A000055,Robert Aderholt,CongAderholt,House,AL,200
381152398,S001185,Terri Sewell,RepTerriSewell,House,AL,100
69326168,S001185,Terri Sewell,Sewell4Congress,House,AL,100
2852998461,W000821,Bruce Westerman,RepWesterman,House,AR,200
1592481150,W000821,Bruce Westerman,WestermanAR,House,AR,200
342677019,W000821,Bruce Westerman,bruce_westerman,House,AR,200
2953974395,H001072,French Hill,RepFrenchHill,House,AR,200
1740229652,H001072,French Hill,ElectFrench,House,AR,200
233693291,C001087,Rick Crawford,RepRickCrawford,House,AR,200
50918998,C001087,Rick Crawford,Crawford4Cong,House,AR,200
234469322,W000809,Steve Womack,rep_stevewomack,House,AR,200
112651673,W000809,Steve Womack,womack4congress,House,AR,200
816652616625168388,B001302,Andy Biggs,RepAndyBiggsAZ,House,AZ,200
702601370344402944,B001302,Andy Biggs,andybiggs4az,House,AZ,200
1081240074946252801,K000368,Ann Kirkpatrick,RepKirkpatrick,House,AZ,100
272004287,K000368,Ann Kirkpatrick,Ann_Kirkpatrick,House,AZ,100
229197216,S001183,David Schweikert,RepDavid,House,AZ,200
21509894,S001183,David Schweikert,DavidSchweikert,House,AZ,200
996094929733652481,L000589,Debbie Lesko,RepDLesko,House,AZ,200
34715823,L000589,Debbie Lesko,DebbieLesko,House,AZ,200
1080885078425784320,S001211,Greg Stanton,RepGregStanton,House,AZ,100
218292287,S001211,Greg Stanton,gregstantonaz,House,AZ,100
240760644,G000565,Paul Gosar,RepGosar,House,AZ,200
872148729184362497,G000565,Paul Gosar,DrPaulGosar,House,AZ,200
28602948,G000551,Raul Grijalva,RepRaulGrijalva,House,AZ,100
135623073,G000551,Raul Grijalva,standwithraul,House,AZ,100
2966570782,G000574,Ruben Gallego,RepRubenGallego,House,AZ,100
69066533,G000574,Ruben Gallego,petegallego,House,AZ,100
808416682972770304,O000171,Tom O'Halleran,RepOHalleran,House,AZ,100
2573587962,O000171,Tom O'Halleran,TomOHalleran,House,AZ,100
29501253,S001150,Adam Schiff,RepAdamSchiff,House,CA,100
133028836,S001150,Adam Schiff,AdamSchiff,House,CA,100
1055730738,L000579,Alan Lowenthal,RepLowenthal,House,CA,100
562232053,L000579,Alan Lowenthal,alanlowenthal,House,CA,100
950783972,B001287,Ami Bera,RepBera,House,CA,100
43986986,B001287,Ami Bera,BeraForCongress,House,CA,100
249348006,E000215,Anna Eshoo,RepAnnaEshoo,House,CA,100
482713734,E000215,Anna Eshoo,Eshoo4Congress,House,CA,100
248735463,L000551,Barbara Lee,RepBarbaraLee,House,CA,100
144927376,L000551,Barbara Lee,BarbaraLeeSays,House,CA,100
414436134,L000551,Barbara Lee,BLeeForCongress,House,CA,100
30216513,S000344,Brad Sherman,BradSherman,House,CA,100
494291143,S000344,Brad Sherman,BradSherman4SFV,House,CA,100
344972339,N000181,Devin Nunes,RepDevinNunes,House,CA,200
54412900,N000181,Devin Nunes,DevinNunes,House,CA,200
2851579030,N000181,Devin Nunes,DevinGNunes,House,CA,200
38254095,M001163,Doris Matsui,DorisMatsui,House,CA,100
169331127,M001163,Doris Matsui,Matsui4Congress,House,CA,100
1069124515,L000578,Doug LaMalfa,RepLaMalfa,House,CA,200
19808819,L000578,Doug LaMalfa,DougLaMalfa,House,CA,200
1305596696,H001048,Duncan Hunter,Rep_Hunter,House,CA,200
942156122,S001193,Eric Swalwell,RepSwalwell,House,CA,100
377609596,S001193,Eric Swalwell,ericswalwell,House,CA,100
1080986167003230208,C001123,Gil Cisneros,RepGilCisneros,House,CA,100
876894308309147650,C001123,Gil Cisneros,GilCisnerosCA,House,CA,100
161411080,N000179,Grace Napolitano,gracenapolitano,House,CA,100
4895651115,N000179,Grace Napolitano,grace4congress,House,CA,100
1075080722241736704,R000616,Harley Rouda,RepHarley,House,CA,100
27789237,R000616,Harley Rouda,HarleyRouda,House,CA,100
24913074,S001175,Jackie Speier,RepSpeier,House,CA,100
521731529,S001175,Jackie Speier,JackieSpeier,House,CA,100
1071102246,H001068,Jared Huffman,RepHuffman,House,CA,100
334894942,H001068,Jared Huffman,JaredHuffman,House,CA,100
385429543,M001166,Jerry McNerney,RepMcNerney,House,CA,100
176512266,M001166,Jerry McNerney,jerrymcnerney,House,CA,100
245451804,C001059,Jim Costa,RepJimCosta,House,CA,100
398193180,G000585,Jimmy Gomez,JimmyGomezCA,House,CA,100
2371339658,G000585,Jimmy Gomez,RepJimmyGomez,House,CA,100
796736612554117120,P000613,Jimmy Panetta,RepJimmyPanetta,House,CA,100
4228409359,P000613,Jimmy Panetta,JimmyPanetta,House,CA,100
88806753,G000559,John Garamendi,RepGaramendi,House,CA,100
18907463,G000559,John Garamendi,JohnGaramendi,House,CA,100
1080851152151953410,H001090,Josh Harder,RepJoshHarder,House,CA,100
438665212,H001090,Josh Harder,JoshHarder,House,CA,100
1260172386,V000130,Juan Vargas,RepJuanVargas,House,CA,100
1036705065745010688,V000130,Juan Vargas,JuanVargas4CA,House,CA,100
193732179,C001080,Judy Chu,RepJudyChu,House,CA,100
793208286,C001080,Judy Chu,JudyChuCampaign,House,CA,100
1243902714,B001285,Julia Brownley,RepBrownley,House,CA,100
44251742,B001285,Julia Brownley,JuliaBrownley,House,CA,100
239949176,B001270,Karen Bass,RepKarenBass,House,CA,100
113494390,B001270,Karen Bass,KarenBassTweets,House,CA,100
1068273911224094721,H001087,Katie Hill,RepKatieHill,House,CA,100
839226269627621376,H001087,Katie Hill,KatieHill4CA,House,CA,100
1081222837459996672,P000618,Katie Porter,RepKatiePorter,House,CA,100
617266600,P000618,Katie Porter,katieporteroc,House,CA,100
22545491,C000059,Ken Calvert,KenCalvert,House,CA,200
138553197,C000059,Ken Calvert,TeamCalvert,House,CA,200
19739126,M001165,Kevin McCarthy,GOPLeader,House,CA,200
15428227,M001165,Kevin McCarthy,kevinomccarthy,House,CA,200
312134473,S001156,Linda Sanchez,RepLindaSanchez,House,CA,100
917408119222923264,S001156,Linda Sanchez,LindaTSanchez,House,CA,100
815985039485837312,C001110,Lou Correa,RepLouCorrea,House,CA,100
746481056145018880,C001110,Lou Correa,voteloucorrea,House,CA,100
479872233,R000486,Lucille Roybal-Allard,RepRoybalAllard,House,CA,100
878301212025782272,R000486,Lucille Roybal-Allard,LRAforCongress,House,CA,100
2968007206,D000623,Mark DeSaulnier,RepDeSaulnier,House,CA,100
30252303,D000623,Mark DeSaulnier,MarkDeSaulnier,House,CA,100
1037321378,T000472,Mark Takano,RepMarkTakano,House,CA,100
316165422,T000472,Mark Takano,MarkTakano,House,CA,100
36686040,W000187,Maxine Waters,RepMaxineWaters,House,CA,100
3166120541,W000187,Maxine Waters,MaxineWaters,House,CA,100
1072134139560620033,L000593,Mike Levin,RepMikeLevin,House,CA,100
14573926,L000593,Mike Levin,MikeLevin,House,CA,100
303861808,T000460,Mike Thompson,RepThompson,House,CA,100
3612420317,T000460,Mike Thompson,Mike_CA05,House,CA,100
15764644,P000197,Nancy Pelosi,SpeakerPelosi,House,CA,100
2461810448,P000197,Nancy Pelosi,TeamPelosi,House,CA,100
816833925456789505,B001300,Nanette Barragan,RepBarragan,House,CA,100
303633791,B001300,Nanette Barragan,Nanette4CA,House,CA,100
236279233,T000474,Norma Torres,NormaJTorres,House,CA,100
2409478435,T000474,Norma Torres,Norma4Congress,House,CA,100
1074412920,C001094,Paul Cook,RepPaulCook,House,CA,200
57177310,C001094,Paul Cook,joinpaulcook,House,CA,200
3018670151,A000371,Pete Aguilar,RepPeteAguilar,House,CA,100
41533245,A000371,Pete Aguilar,aguilarpete,House,CA,100
1089859058,R000599,Raul Ruiz,RepRaulRuizMD,House,CA,100
409522947,R000599,Raul Ruiz,Dr_RaulRuiz,House,CA,100
816298918468259841,K000389,Ro Khanna,RepRoKhanna,House,CA,100
771152516,K000389,Ro Khanna,RoKhanna,House,CA,100
816157667882373120,C001112,Salud Carbajal,RepCarbajal,House,CA,100
3237898542,C001112,Salud Carbajal,carbajalsalud,House,CA,100
1135486501,P000608,Scott Peters,RepScottPeters,House,CA,100
292594517,P000608,Scott Peters,ScottPetersSD,House,CA,100
553863817,P000608,Scott Peters,ScottPetersCA52,House,CA,100
432771620,D000598,Susan Davis,RepSusanDavis,House,CA,100
1080875913926139910,C001124,TJ Cox,RepTjCox,House,CA,100
882843534750961664,C001124,TJ Cox,TJCoxCongress,House,CA,100
3044993235,L000582,Ted Lieu,RepTedLieu,House,CA,100
21059255,L000582,Ted Lieu,tedlieu,House,CA,100
50152441,M001177,Tom McClintock,RepMcClintock,House,CA,200
15773898,M001177,Tom McClintock,tommcclintock,House,CA,200
1222257180,C001097,Tony Cardenas,RepCardenas,House,CA,100
2543742324,C001097,Tony Cardenas,Tcardenas,House,CA,100
267938462,L000397,Zoe Lofgren,RepZoeLofgren,House,CA,100
988858472132415489,L000397,Zoe Lofgren,ZoeLofgren,House,CA,100
28599820,D000197,Diana DeGette,RepDianaDeGette,House,CO,100
952540201,D000197,Diana DeGette,DeGette5280,House,CO,100
584012853,L000564,Doug Lamborn,RepDLamborn,House,CO,200
583881540,L000564,Doug Lamborn,DougLambornCD5,House,CO,200
20552026,P000593,Ed Perlmutter,RepPerlmutter,House,CO,100
105290638,P000593,Ed Perlmutter,Ed4Colorado,House,CO,100
1080191866509901826,C001121,Jason Crow,RepJasonCrow,House,CO,100
851477335052140544,C001121,Jason Crow,JasonCrowCO6,House,CO,100
1078749802765139968,N000191,Joe Neguse,RepJoeNeguse,House,CO,100
1542372750,N000191,Joe Neguse,JoeNeguse,House,CO,100
2862577383,B001297,Ken Buck,RepKenBuck,House,CO,200
34959770,B001297,Ken Buck,BuckForColorado,House,CO,200
242873057,T000470,Scott Tipton,RepTipton,House,CO,200
18060563,T000470,Scott Tipton,ScottRTipton,House,CO,200
1082086081238102018,H001081,Jahana Hayes,RepJahanaHayes,House,CT,100
991721030631780354,H001081,Jahana Hayes,JahanaHayesCT,House,CT,100
4788702195,H001081,Jahana Hayes,JahanaHayes,House,CT,100
31611298,H001047,Jim Himes,jahimes,House,CT,100
85396297,C001069,Joe Courtney,RepJoeCourtney,House,CT,100
183351637,C001069,Joe Courtney,JoeCourtneyCT,House,CT,100
50452197,L000557,John B. Larson,RepJohnLarson,House,CT,100
155585373,L000557,John B. Larson,JohnLarsonCT,House,CT,100
140519774,D000216,Rosa DeLauro,rosadelauro,House,CT,100
893496121,D000216,Rosa DeLauro,Rosa_DeLauro,House,CT,100
817050219007328258,B001303,Lisa Blunt Rochester,RepLBR,House,DE,100
4049197462,B001303,Lisa Blunt Rochester,LisaBRochester,House,DE,100
818472418620608512,L000586,Al Lawson,RepAlLawsonJr,House,FL,100
88291132,L000586,Al Lawson,AlLawsonJr,House,FL,100
2433737761,H000324,Alcee Hastings,RepHastingsFL,House,FL,100
2348492935,H000324,Alcee Hastings,alcee4congress,House,FL,100
25086658,P000599,Bill Posey,congbillposey,House,FL,200
814103950404239360,M001199,Brian Mast,RepBrianMast,House,FL,200
3170031728,M001199,Brian Mast,BrianMastFL,House,FL,200
816030424778543104,C001111,Charlie Crist,RepCharlieCrist,House,FL,100
38970940,C001111,Charlie Crist,CharlieCrist,House,FL,100
281540744,W000806,Daniel Webster,RepWebster,House,FL,200
136526394,W000806,Daniel Webster,WebsterCongress,House,FL,200
818713465653051392,S001200,Darren Soto,RepDarrenSoto,House,FL,100
1730030220,S001200,Darren Soto,DarrenSoto,House,FL,100
1080941062028447744,M001207,Debbie Mucarsel-Powell,RepDMP,House,FL,100
750046943905058816,M001207,Debbie Mucarsel-Powell,DebbieforFL,House,FL,100
1140648348,W000797,Debbie Wasserman Schultz,RepDWStweets,House,FL,100
115979444,W000797,Debbie Wasserman Schultz,DWStweets,House,FL,100
1060584809095925762,S001206,Donna Shalala,RepShalala,House,FL,100
737719829579345920,S001206,Donna Shalala,DonnaShalala,House,FL,100
816111677917851649,R000607,Francis Rooney,RepRooney,House,FL,200
4433285713,R000607,Francis Rooney,FrancisRooney,House,FL,200
234014087,W000808,Frederica Wilson,RepWilson,House,FL,100
3667668735,W000808,Frederica Wilson,TeamFSWilson,House,FL,100
1083125649609506816,S001214,Greg Steube,RepGregSteube,House,FL,200
21924842,S001214,Greg Steube,gregsteube,House,FL,200
26051676,B001257,Gus Bilirakis,RepGusBilirakis,House,FL,200
95236960,B001257,Gus Bilirakis,Bilirakis,House,FL,200
828977216595849216,R000609,John Rutherford,RepRutherfordFL,House,FL,200
733672650120253440,R000609,John Rutherford,JRutherfordFL,House,FL,200
1880674038,C001066,Kathy Castor,USRepKCastor,House,FL,100
756123897783808000,C001066,Kathy Castor,KathyCastorFL,House,FL,100
1077121945,F000462,Lois Frankel,RepLoisFrankel,House,FL,100
349296252,F000462,Lois Frankel,LoisFrankel,House,FL,100
37094727,D000600,Mario Diaz-Balart,MarioDB,House,FL,200
374816353,D000600,Mario Diaz-Balart,MarioDBCamp,House,FL,200
818948638890217473,G000578,Matt Gaetz,RepMattGaetz,House,FL,200
58579942,G000578,Matt Gaetz,mattgaetz,House,FL,200
1082416697380913152,W000823,Michael Waltz,RepMichaelWaltz,House,FL,200
833673914,W000823,Michael Waltz,michaelgwaltz,House,FL,200
815952318487298048,D000628,Neal Dunn,DrNealDunnFL2,House,FL,200
2288520312,D000628,Neal Dunn,DrNealDunn,House,FL,200
3433189197,D000628,Neal Dunn,DunnCampaign,House,FL,200
605615715,S001210,Ross Spano,RossSpano,House,FL,200
1090328229548826627,S001210,Ross Spano,RepRossSpano,House,FL,200
796183515998068736,M001202,Stephanie Murphy,RepStephMurphy,House,FL,100
745372686596120576,M001202,Stephanie Murphy,SMurphyCongress,House,FL,100
137794015,D000610,Ted Deutch,RepTedDeutch,House,FL,100
82696064,D000610,Ted Deutch,TedforCongress,House,FL,100
1071900114,Y000065,Ted Yoho,RepTedYoho,House,FL,200
274164368,Y000065,Ted Yoho,TedYoho,House,FL,200
798973032362606600,D000627,Val Demings,RepValDemings,House,FL,100
3404875323,D000627,Val Demings,val_demings,House,FL,100
20467163,B001260,Vern Buchanan,VernBuchanan,House,FL,200
41403889,B001260,Vern Buchanan,Vern2014,House,FL,200
234797704,S001189,Austin Scott,AustinScottGA08,House,GA,200
31191969,S001189,Austin Scott,AustinScott4GA,House,GA,200
2914163523,L000583,Barry Loudermilk,RepLoudermilk,House,GA,200
586191770,L000583,Barry Loudermilk,standwithbarry,House,GA,200
2973870195,C001103,Buddy Carter,RepBuddyCarter,House,GA,200
295712099,C001103,Buddy Carter,Buddy_Carter,House,GA,200
168673083,S001157,David Scott,repdavidscott,House,GA,100
170341758,S001157,David Scott,Electdavidscott,House,GA,100
1060487274,C001093,Doug Collins,RepDougCollins,House,GA,200
343358379,C001093,Doug Collins,CollinsforGA,House,GA,200
806583915012046854,F000465,Drew Ferguson,RepDrewFerguson,House,GA,200
694984534249594882,F000465,Drew Ferguson,DrewFergusonGA,House,GA,200
24745957,J000288,Hank Johnson,RepHankJohnson,House,GA,100
97583689,J000288,Hank Johnson,ReElectHank,House,GA,100
2975091705,H001071,Jody Hice,CongressmanHice,House,GA,200
130003817,H001071,Jody Hice,jodyhice,House,GA,200
29450962,L000287,John Lewis,repjohnlewis,House,GA,100
1082380458976051202,M001208,Lucy McBath,replucymcbath,House,GA,100
947956236804337664,M001208,Lucy McBath,lucymcbath,House,GA,100
332304361,M001208,Lucy McBath,lucymcbath_,House,GA,100
2964287128,A000372,Rick W. Allen,RepRickAllen,House,GA,200
385111151,A000372,Rick W. Allen,rickallen,House,GA,200
2382685057,W000810,Rob Woodall,RepRobWoodall,House,GA,200
4886662606,W000810,Rob Woodall,WoodallGA,House,GA,200
249410485,B000490,Sanford Bishop,SanfordBishop,House,GA,100
190328374,G000560,Tom Graves,RepTomGraves,House,GA,200
24852012,G000560,Tom Graves,TomGravesGA14,House,GA,200
1081350574589833221,C001055,Ed Case,RepEdCase,House,HI,100
21737536,C001055,Ed Case,EdCaseHawaii,House,HI,100
1064206014,G000571,Tulsi Gabbard,TulsiPress,House,HI,100
26637348,G000571,Tulsi Gabbard,TulsiGabbard,House,HI,100
1081256295469068288,F000467,Abby Finkenauer,RepFinkenauer,House,IA,100
1262017122,F000467,Abby Finkenauer,Abby4Iowa,House,IA,100
1080865917377097728,A000378,Cindy Axne,RepCindyAxne,House,IA,100
867495243482058755,A000378,Cindy Axne,Axne4Congress,House,IA,100
510516465,L000565,Dave Loebsack,daveloebsack,House,IA,100
583486767,L000565,Dave Loebsack,DaveForIowa,House,IA,100
48117116,K000362,Steve King,SteveKingIA,House,IA,200
194729373,K000362,Steve King,KingforCongress,House,IA,200
76132891,S001148,Mike Simpson,CongMikeSimpson,House,ID,200
314223728,S001148,Mike Simpson,MikeSimpson4ID,House,ID,200
1078741899572240384,F000469,Russ Fulcher,RepRussFulcher,House,ID,200
172944579,F000469,Russ Fulcher,RussFulcher,House,ID,200
219429281,K000378,Adam Kinzinger,RepKinzinger,House,IL,200
18004222,K000378,Adam Kinzinger,AdamKinzinger,House,IL,200
1080509366,F000454,Bill Foster,RepBillFoster,House,IL,100
188403766,F000454,Bill Foster,Foster4Congress,House,IL,100
305216911,R000515,Bobby Rush,RepBobbyRush,House,IL,100
493429193,R000515,Bobby Rush,BobbyLRushMC,House,IL,100
1071840474,S001190,Brad Schneider,RepSchneider,House,IL,100
278005891,S001190,Brad Schneider,Schneider4IL10,House,IL,100
1092979962,B001286,Cheri Bustos,RepCheri,House,IL,100
257180565,B001286,Cheri Bustos,CheriBustos,House,IL,100
1082427779583541248,G000586,Chuy Garcia,RepChuyGarcia,House,IL,100
2847603597,G000586,Chuy Garcia,ChuyForCongress,House,IL,100
1009269193,L000563,Dan Lipinski,RepLipinski,House,IL,100
950758571821629441,L000563,Dan Lipinski,DanLipinski,House,IL,100
789244177,D000096,Danny K. Davis,RepDannyDavis,House,IL,100
3686482216,L000585,Darin LaHood,RepLaHood,House,IL,200
3107996233,L000585,Darin LaHood,ElectLaHood,House,IL,200
24195214,S001145,Jan Schakowsky,janschakowsky,House,IL,100
85896319,S001145,Jan Schakowsky,RepSchakowsky,House,IL,100
15600527,S000364,John Shimkus,RepShimkus,House,IL,200
4490291893,S000364,John Shimkus,JohnMShimkus,House,IL,200
1080539438508400642,U000040,Lauren Underwood,RepUnderwood,House,IL,100
872156132688711681,U000040,Lauren Underwood,LaurenUnderwood,House,IL,100
2964877294,B001295,Mike Bost,RepBost,House,IL,200
2282437802,B001295,Mike Bost,BostForCongress,House,IL,200
56864092,Q000023,Mike Quigley,RepMikeQuigley,House,IL,100
15949499,Q000023,Mike Quigley,QuigleyCampaign,House,IL,100
814179031956488192,K000391,Raja Krishnamoorthi,CongressmanRaja,House,IL,100
62649021,K000391,Raja Krishnamoorthi,RajaForCongress,House,IL,100
1339931490,K000385,Robin Kelly,RepRobinKelly,House,IL,100
38285038,K000385,Robin Kelly,RobinLynneKelly,House,IL,100
993153006,D000619,Rodney Davis,RodneyDavis,House,IL,200
586076955,D000619,Rodney Davis,ElectRodney,House,IL,200
1083472286089396224,C001117,Sean Casten,RepCasten,House,IL,100
66804351,C001117,Sean Casten,SeanCasten,House,IL,100
955598085526360064,C001117,Sean Casten,VoteCasten,House,IL,100
199325935,C001072,Andre Carson,RepAndreCarson,House,IN,100
267316393,C001072,Andre Carson,Andre4Congress,House,IN,100
1082369392229400576,P000615,Greg Pence,RepGregPence,House,IN,200
890038958104735744,P000615,Greg Pence,GregPenceIN,House,IN,200
1065995022,W000813,Jackie Walorski,RepWalorski,House,IN,200
137172797,W000813,Jackie Walorski,StandWithJackie,House,IN,200
14562874,W000813,Jackie Walorski,jackiewalorski,House,IN,200
123563657,B001307,Jim Baird,ElectJimBaird,House,IN,200
1086316494450032640,B001307,Jim Baird,repjimbaird,House,IN,200
816131319033950208,B001299,Jim Banks,RepJimBanks,House,IN,200
14836282,B001299,Jim Banks,Jim_Banks,House,IN,200
234812598,B001275,Larry Bucshon,RepLarryBucshon,House,IN,200
80956768,B001275,Larry Bucshon,DrLarryBucshon,House,IN,200
193872188,V000108,Pete Visclosky,RepVisclosky,House,IN,100
3282677347,V000108,Pete Visclosky,TeamVisclosky,House,IN,100
1074101017,B001284,Susan Brooks,SusanWBrooks,House,IN,200
344201516,B001284,Susan Brooks,SusanBrooksIN,House,IN,200
811986281177772032,H001074,Trey Hollingsworth,RepTrey,House,IN,200
3431000296,H001074,Trey Hollingsworth,VoteForTrey,House,IN,200
752364246218862592,M001198,Roger Marshall,RepMarshall,House,KS,200
1240107944,M001198,Roger Marshall,RogerMarshallMD,House,KS,200
854715071116849157,E000298,Ron Estes,RepRonEstes,House,KS,200
722555010588872705,E000298,Ron Estes,RonEstesKS,House,KS,200
1080516116395499522,D000629,Sharice Davids,repdavids,House,KS,100
950952511556538368,D000629,Sharice Davids,sharicedavids,House,KS,100
1080307235350241280,W000824,Steve Watkins,Rep_Watkins,House,KS,200
129259273,W000824,Steve Watkins,Steve4Kansas,House,KS,200
1089334250,B001282,Andy Barr,RepAndyBarr,House,KY,200
115186195,B001282,Andy Barr,barrforcongress,House,KY,200
1908143071,G000558,Brett Guthrie,RepGuthrie,House,KY,200
114607567,G000558,Brett Guthrie,brettguthrie,House,KY,200
550401754,R000395,Hal Rogers,RepHalRogers,House,KY,200
838462994,C001108,James Comer,JamesComer,House,KY,200
384913290,Y000062,John Yarmuth,RepJohnYarmuth,House,KY,100
975200486,M001184,Thomas Massie,RepThomasMassie,House,KY,200
230973154,M001184,Thomas Massie,ThomasMassieKY,House,KY,200
267854863,R000588,Cedric Richmond,RepRichmond,House,LA,100
142419647,R000588,Cedric Richmond,CedricRichmond,House,LA,100
843636970538618880,H001077,Clay Higgins,RepClayHiggins,House,LA,200
1011053278304591872,H001077,Clay Higgins,CaptClayHiggins,House,LA,200
2951574214,G000577,Garret Graves,RepGarretGraves,House,LA,200
587100576,G000577,Garret Graves,garretgraves,House,LA,200
827279765287559171,J000299,Mike Johnson,RepMikeJohnson,House,LA,200
4849654052,J000299,Mike Johnson,MikeJohnson,House,LA,200
2962891515,A000374,Ralph Abraham,RepAbraham,House,LA,200
2543008999,A000374,Ralph Abraham,DocAbraham,House,LA,200
1209417007,S001176,Steve Scalise,SteveScalise,House,LA,200
2746741969,S001176,Steve Scalise,SteveScaliseGOP,House,LA,200
1080584229510172678,P000617,Ayanna Pressley,RepPressley,House,MA,100
31013444,P000617,Ayanna Pressley,AyannaPressley,House,MA,100
232992031,K000375,Bill Keating,USRepKeating,House,MA,100
95546148,K000375,Bill Keating,WilliamKeating,House,MA,100
242426145,M000312,Jim McGovern,RepMcGovern,House,MA,100
128664931,M000312,Jim McGovern,McGovernMA,House,MA,100
1055907624,K000379,Joseph Kennedy III,RepJoeKennedy,House,MA,100
461720085,K000379,Joseph Kennedy III,joekennedy,House,MA,100
2293131060,C001101,Katherine Clark,RepKClark,House,MA,100
23201727,C001101,Katherine Clark,KatherineClark,House,MA,100
1079802482640019456,T000482,Lori Trahan,RepLoriTrahan,House,MA,100
915975047545749504,T000482,Lori Trahan,LoriTrahanMA,House,MA,100
442824717,N000015,Richard Neal,RepRichardNeal,House,MA,100
555977812,N000015,Richard Neal,NealForCongress,House,MA,100
3091316093,M001196,Seth Moulton,teammoulton,House,MA,100
248495200,M001196,Seth Moulton,sethmoulton,House,MA,100
310310133,L000562,Stephen Lynch,RepStephenLynch,House,MA,100
130901013,L000562,Stephen Lynch,RepLynch,House,MA,100
960962340,H001052,Andy Harris,RepAndyHarrisMD,House,MD,200
122713203,H001052,Andy Harris,Harris4Congress,House,MD,200
823552974253342721,B001304,Anthony G. Brown,RepAnthonyBrown,House,MD,100
1378000346,B001304,Anthony G. Brown,AnthonyBrownMD4,House,MD,100
1080573351914061825,T000483,David Trone,repdavidtrone,House,MD,100
4851790919,T000483,David Trone,davidjtrone,House,MD,100
305620929,R000576,Dutch Ruppersberger,Call_Me_Dutch,House,MD,100
757666785244119040,R000576,Dutch Ruppersberger,GoDutchForMD,House,MD,100
787373558,C000984,Elijah Cummings,RepCummings,House,MD,100
1961794370,C000984,Elijah Cummings,ReElectCummings,House,MD,100
806906355214852096,R000606,Jamie Raskin,RepRaskin,House,MD,100
549579841,R000606,Jamie Raskin,jamie_raskin,House,MD,100
364415553,S001168,John Sarbanes,RepSarbanes,House,MD,100
259364314,S001168,John Sarbanes,JohnSarbanes,House,MD,100
22012091,H000874,Steny Hoyer,LeaderHoyer,House,MD,100
266719387,H000874,Steny Hoyer,StenyHoyer,House,MD,100
14984637,P000597,Chellie Pingree,chelliepingree,House,ME,100
1080891667308298240,G000592,Jared Golden,repgolden,House,ME,100
900516768032202752,G000592,Jared Golden,golden4congress,House,ME,100
1080277407867772930,L000592,Andy Levin,RepAndyLevin,House,MI,100
21061366,L000592,Andy Levin,Andy_Levin,House,MI,100
233949261,H001058,Bill Huizenga,RepHuizenga,House,MI,200
23820360,H001058,Bill Huizenga,billhuizenga,House,MI,200
2863006655,L000581,Brenda Lawrence,RepLawrence,House,MI,100
54300515,L000581,Brenda Lawrence,BrendaLLawrence,House,MI,100
1045110018,K000380,Dan Kildee,RepDanKildee,House,MI,100
18674498,K000380,Dan Kildee,dankildee,House,MI,100
2970279814,D000624,Debbie Dingell,RepDebDingell,House,MI,100
2361650234,D000624,Debbie Dingell,DebDingell,House,MI,100
1078401427347857408,S001208,Elissa Slotkin,RepSlotkin,House,MI,100
860547911268139008,S001208,Elissa Slotkin,ElissaSlotkin,House,MI,100
124224165,U000031,Fred Upton,RepFredUpton,House,MI,200
153507902,U000031,Fred Upton,UptonForAllOfUs,House,MI,200
1076161611033968640,S001215,Haley Stevens,RepHaleyStevens,House,MI,100
391445643,S001215,Haley Stevens,HaleyLive,House,MI,100
815241612154417152,B001301,Jack Bergman,RepJackBergman,House,MI,200
751799352755052544,B001301,Jack Bergman,JackBergman_MI1,House,MI,200
2696643955,M001194,John Moolenaar,RepMoolenaar,House,MI,200
41198239,M001194,John Moolenaar,JohnMoolenaar,House,MI,200
774742130329812992,A000367,Justin Amash,amashoffice,House,MI,328
774742130329812992,A000367,Justin Amash,amashoffice,House,MI,200
233842454,A000367,Justin Amash,justinamash,House,MI,328
233842454,A000367,Justin Amash,justinamash,House,MI,200
3359712531,A000367,Justin Amash,teamamash,House,MI,328
3359712531,A000367,Justin Amash,teamamash,House,MI,200
811632636598910976,M001201,Paul Mitchell,RepPaulMitchell,House,MI,200
2432472228,M001201,Paul Mitchell,PaulMitchell4us,House,MI,200
1079769536730140672,T000481,Rashida Tlaib,RepRashida,House,MI,100
435331179,T000481,Rashida Tlaib,RashidaTlaib,House,MI,100
237862972,W000798,Tim Walberg,RepWalberg,House,MI,200
146099856,W000798,Tim Walberg,TimWalberg,House,MI,200
1080222360643485698,C001119,Angie Craig,RepAngieCraig,House,MN,100
411861905,C001119,Angie Craig,AngieCraigMN,House,MN,100
516880804,M001143,Betty McCollum,BettyMcCollum04,House,MN,100
164414525,M001143,Betty McCollum,VoteBetty,House,MN,100
115676070,P000258,Collin Peterson,collinpeterson,House,MN,100
1061310112013434882,P000616,Dean Phillips,RepDeanPhillips,House,MN,100
39894447,P000616,Dean Phillips,deanbphillips,House,MN,100
1082334352711790593,O000173,Ilhan Omar,Ilhan,House,MN,100
783792992,O000173,Ilhan Omar,IlhanMN,House,MN,100
1729773254,H001088,Jim Hagedorn,JimHagedornMN,House,MN,200
1083474782602125318,H001088,Jim Hagedorn,RepHagedorn,House,MN,200
1075830599007510535,S001212,Pete Stauber,RepPeteStauber,House,MN,200
883069589722198018,S001212,Pete Stauber,PeteStauber,House,MN,200
2914515430,E000294,Tom Emmer,RepTomEmmer,House,MN,200
3395523898,E000294,Tom Emmer,EMMERPAC,House,MN,200
72431423,E000294,Tom Emmer,tomemmer,House,MN,200
1051446626,W000812,Ann Wagner,RepAnnWagner,House,MO,200
219010139,W000812,Ann Wagner,AnnLWagner,House,MO,200
1444015610,L000576,Billy Long,USRepLong,House,MO,200
21572351,L000576,Billy Long,auctnr1,House,MO,200
1849261916,L000569,Blaine Luetkemeyer,RepBlaine,House,MO,200
2554870803,L000569,Blaine Luetkemeyer,LuetkemeyerB,House,MO,200
163570705,C001061,Emanuel Cleaver,repcleaver,House,MO,100
801478506,C001061,Emanuel Cleaver,Vote4Cleaver,House,MO,100
1623308912,S001195,Jason Smith,RepJasonSmith,House,MO,200
26653478,S001195,Jason Smith,JasonSmithMO,House,MO,200
584912320,C001049,Lacy Clay,LacyClayMO1,House,MO,100
29766367,G000546,Sam Graves,RepSamGraves,House,MO,200
237763317,H001053,Vicky Hartzler,RepHartzler,House,MO,200
70799725,H001053,Vicky Hartzler,VickyHartzler,House,MO,200
752590435537739776,H001053,Vicky Hartzler,VickyH4Congress,House,MO,200
82453460,T000193,Bennie Thompson,BennieGThompson,House,MS,100
1081243468327018496,G000591,Michael Guest,RepMichaelGuest,House,MS,200
953749679166156800,G000591,Michael Guest,GuestCongress,House,MS,200
299883942,P000601,Steven Palazzo,CongPalazzo,House,MS,200
116616867,P000601,Steven Palazzo,StevenPalazzo,House,MS,200
3317799825,K000388,Trent Kelly,RepTrentKelly,House,MS,200
3090076743,K000388,Trent Kelly,KellyforMS01,House,MS,200
3420965229,G000584,Greg Gianforte,GregForMontana,House,MT,200
26574496,G000584,Greg Gianforte,gianforte,House,MT,200
2916086925,A000370,Alma Adams,RepAdams,House,NC,100
1609364557,A000370,Alma Adams,AlmaforCongress,House,NC,100
1912799826,B001311,Dan Bishop,jdanbishop,House,NC,200
1176522535531360257,B001311,Dan Bishop,RepDanBishop,House,NC,200
155669457,P000523,David Price,RepDavidEPrice,House,NC,100
462134852,P000523,David Price,DPrice4Congress,House,NC,100
834069080,R000603,David Rouzer,RepDavidRouzer,House,NC,200
127941167,R000603,David Rouzer,DavidRouzer,House,NC,200
432676344,B001251,G.K. Butterfield,GKButterfield,House,NC,100
1058460818,H001065,George Holding,RepHolding,House,NC,200
334245076,H001065,George Holding,GeorgeHolding,House,NC,200
1173978070535024642,M001210,Greg Murphy,RepGregMurphy,House,NC,200
963480595,M001187,Mark Meadows,MarkMeadows,House,NC,200
368948092,M001187,Mark Meadows,TeamMeadows,House,NC,200
975198558461800449,M001187,Mark Meadows,Ma_15855744287,House,NC,200
2966205003,W000819,Mark Walker,RepMarkWalker,House,NC,200
436192442,W000819,Mark Walker,Walker4NC,House,NC,200
27676828,M001156,Patrick McHenry,PatrickMcHenry,House,NC,200
481437062,M001156,Patrick McHenry,McHenryCampaign,House,NC,200
935033864,H001067,Richard Hudson,RepRichHudson,House,NC,200
16874915,H001067,Richard Hudson,RichHudson,House,NC,200
817138492614524928,B001305,Ted Budd,RepTedBudd,House,NC,200
720353279176081408,B001305,Ted Budd,buddforcongress,House,NC,200
16256269,F000450,Virginia Foxx,virginiafoxx,House,NC,200
61608485,F000450,Virginia Foxx,foxxforcongress,House,NC,200
26778110,J000255,Walter B. Jones,RepWalterJones,House,NC,200
470498020,J000255,Walter B. Jones,WalterJones2018,House,NC,200
1080515866255593472,A000377,Kelly Armstrong,RepArmstrongND,House,ND,200
964996994623311874,A000377,Kelly Armstrong,Armstrong_ND,House,ND,200
296245061,S001172,Adrian Smith,RepAdrianSmith,House,NE,200
818975124460335106,B001298,Don Bacon,RepDonBacon,House,NE,200
3109108467,B001298,Don Bacon,DonJBacon,House,NE,200
18805303,F000449,Jeff Fortenberry,JeffFortenberry,House,NE,200
1058717720,K000382,Annie Kuster,RepAnnieKuster,House,NH,100
89992368,K000382,Annie Kuster,AnnMcLaneKuster,House,NH,100
1067748650485497862,P000614,Chris Pappas,RepChrisPappas,House,NH,100
574799823,P000614,Chris Pappas,ChrisPappasNH,House,NH,100
986677467455901696,P000614,Chris Pappas,TeamPappasNH,House,NH,100
18696134,S001165,Albio Sires,RepSires,House,NJ,100
544553624,S001165,Albio Sires,AlbioSiresNJ,House,NJ,100
1078771848882593793,K000394,Andy Kim,RepAndyKimNJ,House,NJ,100
24215154,K000394,Andy Kim,AndyKimNJ,House,NJ,100
74508260,P000096,Bill Pascrell,BillPascrell,House,NJ,100
515736574,P000096,Bill Pascrell,PascrellforNJ,House,NJ,100
2968451607,W000822,Bonnie Watson Coleman,RepBonnie,House,NJ,100
1473761198,W000822,Bonnie Watson Coleman,Bonnie4Congress,House,NJ,100
1289319271,S000522,Chris Smith,RepChrisSmith,House,NJ,200
3122099613,N000188,Donald Norcross,DonaldNorcross,House,NJ,100
2340948996,N000188,Donald Norcross,DonNorcross4NJ,House,NJ,100
1155335864,P000604,Donald Payne Jr,RepDonaldPayne,House,NJ,100
571909015,P000604,Donald Payne Jr,DonaldPayneJr,House,NJ,100
31801993,P000034,Frank Pallone,FrankPallone,House,NJ,100
1265423480,P000034,Frank Pallone,pallonefornj,House,NJ,100
1083469084648505344,V000133,Jeff Van Drew,CongressmanJVD,House,NJ,200
1083469084648505344,V000133,Jeff Van Drew,CongressmanJVD,House,NJ,100
935756923806343168,V000133,Jeff Van Drew,VanDrewForNJ,House,NJ,200
935756923806343168,V000133,Jeff Van Drew,VanDrewForNJ,House,NJ,100
815310506596691968,G000583,Josh Gottheimer,RepJoshG,House,NJ,100
431105217,G000583,Josh Gottheimer,JoshGottheimer,House,NJ,100
1080569698536878081,S001207,Mikie Sherrill,RepSherrill,House,NJ,100
1577754348,S001207,Mikie Sherrill,MikieSherrill,House,NJ,100
1080898026418384897,M001203,Tom Malinowski,RepMalinowski,House,NJ,100
811239440916054016,M001203,Tom Malinowski,Malinowski,House,NJ,100
19318314,L000570,Ben Ray Lujan,repbenraylujan,House,NM,100
91125308,L000570,Ben Ray Lujan,benraylujan,House,NM,100
1080695666760929280,H001080,Deb Haaland,RepDebHaaland,House,NM,100
286476728,H001080,Deb Haaland,Deb4CongressNM,House,NM,100
1080830346915209216,T000484,Xochitl Torres Small,RepTorresSmall,House,NM,100
427872569,T000484,Xochitl Torres Small,XochforCongress,House,NM,100
122174004,T000468,Dina Titus,repdinatitus,House,NV,100
17907578,T000468,Dina Titus,dinatitus,House,NV,100
402719755,A000369,Mark Amodei,MarkAmodeiNV2,House,NV,200
85689484,A000369,Mark Amodei,AmodeiForNevada,House,NV,200
389840566,H001066,Steven Horsford,RepHorsford,House,NV,100
246478393,H001066,Steven Horsford,StevenHorsford,House,NV,100
1079061579973439488,L000590,Susie Lee,RepSusieLee,House,NV,100
602919981,L000590,Susie Lee,SusieLeeNV,House,NV,100
817076257770835968,E000297,Adriano Espaillat,RepEspaillat,House,NY,100
182217410,E000297,Adriano Espaillat,EspaillatNY,House,NY,100
1079104563280527364,O000172,Alexandria Ocasio-Cortez,RepAOC,House,NY,100
138203134,O000172,Alexandria Ocasio-Cortez,AOC,House,NY,100
1080978331535896576,B001308,Anthony Brindisi,RepBrindisi,House,NY,100
915831762,B001308,Anthony Brindisi,ABrindisiNY,House,NY,100
1080485692298444800,D000630,Antonio Delgado,repdelgado,House,NY,100
829061809135030272,D000630,Antonio Delgado,DelgadoforNY19,House,NY,100
33576489,H001038,Brian Higgins,RepBrianHiggins,House,NY,100
57334424,H001038,Brian Higgins,Higgins4WNY,House,NY,100
258900199,M000087,Carolyn Maloney,RepMaloney,House,NY,100
119250381,M000087,Carolyn Maloney,CarolynBMaloney,House,NY,100
1058256326,C001092,Chris Collins,RepChrisCollins,House,NY,200
557794383,C001092,Chris Collins,CollinsNY27,House,NY,200
164007407,E000179,Eliot Engel,RepEliotEngel,House,NY,100
2962813893,S001196,Elise Stefanik,RepStefanik,House,NY,200
109579534,S001196,Elise Stefanik,EliseStefanik,House,NY,200
1051127714,M001188,Grace Meng,RepGraceMeng,House,NY,100
571214272,M001188,Grace Meng,Grace4NY,House,NY,100
22812754,M001137,Gregory Meeks,RepGregoryMeeks,House,NY,100
467823431,J000294,Hakeem Jeffries,RepJeffries,House,NY,100
479017220,J000294,Hakeem Jeffries,hakeem_jeffries,House,NY,100
40302336,N000002,Jerrold Nadler,RepJerryNadler,House,NY,100
408816873,N000002,Jerrold Nadler,JerryNadler,House,NY,100
2966765501,K000386,John Katko,RepJohnKatko,House,NY,200
33563161,S000248,Jose E. Serrano,RepJoseSerrano,House,NY,100
755205760641077248,S000248,Jose E. Serrano,serranocongress,House,NY,100
106787853,M001206,Joseph Morelle,JoeMorelle,House,NY,100
977247448820305920,M001206,Joseph Morelle,VoteMorelle,House,NY,100
1064595993222615040,M001206,Joseph Morelle,RepJoeMorelle,House,NY,100
2970462034,R000602,Kathleen Rice,RepKathleenRice,House,NY,100
82423741,R000602,Kathleen Rice,KathleenRice,House,NY,100
2750127259,Z000017,Lee Zeldin,RepLeeZeldin,House,NY,200
15874918,Z000017,Lee Zeldin,leezeldin,House,NY,200
1078692057940742144,R000613,Max Rose,RepMaxRose,House,NY,100
892491627088011264,R000613,Max Rose,MaxRose4NY,House,NY,100
221792092,L000480,Nita Lowey,NitaLowey,House,NY,100
733010480,L000480,Nita Lowey,Lowey4Congress,House,NY,100
164369297,V000081,Nydia Velazquez,NydiaVelazquez,House,NY,100
721127537674489856,V000081,Nydia Velazquez,ReElectNydia,House,NY,100
84119348,T000469,Paul Tonko,RepPaulTonko,House,NY,100
153865861,T000469,Paul Tonko,PaulTonko,House,NY,100
18277655,K000210,Peter T. King,RepPeteKing,House,NY,200
1630397408,K000210,Peter T. King,petekingcpg,House,NY,200
1072467470,M001185,Sean Maloney,RepSeanMaloney,House,NY,100
26283468,M001185,Sean Maloney,spmaloney,House,NY,100
816705409486618624,S001201,Thomas Suozzi,RepTomSuozzi,House,NY,100
18907639,S001201,Thomas Suozzi,Tom_Suozzi,House,NY,100
252819323,R000585,Tom Reed,RepTomReed,House,NY,200
63073834,R000585,Tom Reed,TomReedCongress,House,NY,200
240812994,C001067,Yvette Clarke,RepYvetteClarke,House,NY,100
550131748,C001067,Yvette Clarke,VoteYvette,House,NY,100
1054381765224210432,G000588,Anthony Gonzalez,RepAGonzalez,House,OH,200
900025544032624640,G000588,Anthony Gonzalez,anthonygonzalez,House,OH,200
211530910,J000292,Bill Johnson,RepBillJohnson,House,OH,200
81207735,J000292,Bill Johnson,JohnsonLeads,House,OH,200
234822928,G000563,Bob Gibbs,RepBobGibbs,House,OH,200
77839894,G000563,Bob Gibbs,Bob_Gibbs,House,OH,200
15394954,L000566,Bob Latta,boblatta,House,OH,200
93575832,L000566,Bob Latta,latta4congress,House,OH,200
518644221,W000815,Brad Wenstrup,RepBradWenstrup,House,OH,200
313719282,W000815,Brad Wenstrup,bradwenstrup,House,OH,200
976969338,J000295,David Joyce,RepDaveJoyce,House,OH,200
727242919,J000295,David Joyce,DaveJoyceOH14,House,OH,200
18166778,J000289,Jim Jordan,Jim_Jordan,House,OH,200
2339415242,J000289,Jim Jordan,Votejimjordan,House,OH,200
1531521632,B001281,Joyce Beatty,RepBeatty,House,OH,100
582070020,B001281,Joyce Beatty,JoyceBeatty,House,OH,100
153486399,F000455,Marcia Fudge,RepMarciaFudge,House,OH,100
18829123,F000455,Marcia Fudge,mlfudge,House,OH,100
581141508,K000009,Marcy Kaptur,RepMarcyKaptur,House,OH,100
480872337,K000009,Marcy Kaptur,Marcy_Kaptur,House,OH,100
51228911,T000463,Mike Turner,RepMikeTurner,House,OH,200
380498919,T000463,Mike Turner,MikeTurnerOH,House,OH,200
237750442,C000266,Steve Chabot,RepSteveChabot,House,OH,200
23775782,C000266,Steve Chabot,SteveChabot,House,OH,200
211420609,S001187,Steve Stivers,RepSteveStivers,House,OH,200
59536644,S001187,Steve Stivers,stevestivers,House,OH,200
13491312,R000577,Tim Ryan,RepTimRyan,House,OH,100
466532637,R000577,Tim Ryan,TimRyan,House,OH,100
1037341536592310272,B001306,Troy Balderson,RepBalderson,House,OH,200
603083228,B001306,Troy Balderson,Troy_Balderson,House,OH,200
742735530287304704,D000626,Warren Davidson,WarrenDavidson,House,OH,200
4624539143,D000626,Warren Davidson,Vote_Davidson,House,OH,200
242772524,L000491,Frank Lucas,RepFrankLucas,House,OK,200
389017497,L000491,Frank Lucas,FrankDLucas,House,OK,200
1083019402046513152,H001083,Kendra Horn,RepKendraHorn,House,OK,100
880850093548687360,H001083,Kendra Horn,HornForCongress,House,OK,100
1067818539179024386,H001082,Kevin Hern,repkevinhern,House,OK,200
19168067,H001082,Kevin Hern,krhern,House,OK,200
1060370282,M001190,Markwayne Mullin,RepMullin,House,OK,200
366304362,M001190,Markwayne Mullin,MarkwayneMullin,House,OK,200
23124635,C001053,Tom Cole,TomColeOK04,House,OK,200
57438769,C001053,Tom Cole,ColeForCongress,House,OK,200
137823987,B000574,Earl Blumenauer,BlumenauerMedia,House,OR,100
15954997,B000574,Earl Blumenauer,repblumenauer,House,OR,100
32010840,W000791,Greg Walden,repgregwalden,House,OR,200
180564322,W000791,Greg Walden,votegregwalden,House,OR,200
20545793,S001180,Kurt Schrader,RepSchrader,House,OR,100
2696825456,S001180,Kurt Schrader,VoteSchrader,House,OR,100
252249233,D000191,Peter DeFazio,RepPeterDeFazio,House,OR,100
195115786,D000191,Peter DeFazio,DeFazio4Oregon,House,OR,100
558769636,B001278,Suzanne Bonamici,RepBonamici,House,OR,100
4304448314,B001296,Brendan Boyle,CongBoyle,House,PA,100
231108733,B001296,Brendan Boyle,RepBrendanBoyle,House,PA,100
816303263586914304,F000466,Brian Fitzpatrick,RepBrianFitz,House,PA,200
4905487413,F000466,Brian Fitzpatrick,BrianFitzUSA,House,PA,200
1052896620797460481,H001085,Chrissy Houlahan,RepHoulahan,House,PA,100
847098017274613761,H001085,Chrissy Houlahan,HoulahanForPA,House,PA,100
984456621417000960,L000588,Conor Lamb,RepConorLamb,House,PA,100
855240223432769538,L000588,Conor Lamb,ConorLambPA,House,PA,100
1080574793630527505,M001204,Dan Meuser,RepMeuser,House,PA,200
903354645623566340,M001204,Dan Meuser,Meuser4Congress,House,PA,200
90639372,E000296,Dwight Evans,RepDwightEvans,House,PA,100
4069841354,E000296,Dwight Evans,DwightEvansPA,House,PA,100
1136060761422405633,K000395,Fred Keller,RepFredKeller,House,PA,200
1092471059641700353,K000395,Fred Keller,VoteFredKeller,House,PA,200
18967498,T000467,Glenn Thompson,CongressmanGT,House,PA,200
304138251,T000467,Glenn Thompson,GT_TeamGT,House,PA,200
4205133682,R000610,Guy Reschenthaler,GReschenthaler,House,PA,200
477223342,R000610,Guy Reschenthaler,reschenthaler,House,PA,200
1082311988926124036,J000302,John Joyce,RepJohnJoyce,House,PA,200
969328139485802496,J000302,John Joyce,JohnJoyceForPA,House,PA,200
41417564,S001199,Lloyd Smucker,RepSmucker,House,PA,200
4212470319,S001199,Lloyd Smucker,LloydSmuckerPA,House,PA,200
567508925,D000631,Madeleine Dean,RepDean,House,PA,100
935717078966964228,D000631,Madeleine Dean,MadeleineDean,House,PA,100
961312723035394048,S001205,Mary Scanlon,marygayscanlon,House,PA,100
1067541214671577093,S001205,Mary Scanlon,RepMGS,House,PA,100
776664410,C001090,Matt Cartwright,RepCartwright,House,PA,100
472315803,C001090,Matt Cartwright,CartwrightPA,House,PA,100
39249305,D000482,Michael F. Doyle,USRepMikeDoyle,House,PA,100
935368364,K000376,Mike Kelly,MikeKellyPA,House,PA,200
113763245,K000376,Mike Kelly,MikeKellyforPA,House,PA,200
18773159,P000605,Scott Perry,RepScottPerry,House,PA,200
533324996,W000826,Susan Wild,wildforcongress,House,PA,100
1069636653353000962,W000826,Susan Wild,RepSusanWild,House,PA,100
240363117,M001179,Tom Marino,RepTomMarino,House,PA,200
116604329,M001179,Tom Marino,Marino4Congress,House,PA,200
462143773,C001084,David Cicilline,RepCicilline,House,RI,100
23593446,C001084,David Cicilline,davidcicilline,House,RI,100
18909919,L000559,Jim Langevin,JimLangevin,House,RI,100
155654527,L000559,Jim Langevin,LangevinForRI,House,RI,100
240393970,D000615,Jeff Duncan,RepJeffDuncan,House,SC,200
21048033,D000615,Jeff Duncan,Duncan4Congress,House,SC,200
188019606,C000537,Jim Clyburn,WhipClyburn,House,SC,100
2389877058,C000537,Jim Clyburn,ClyburnSC06,House,SC,100
1080198683713507335,C001122,Joe Cunningham,RepCunningham,House,SC,100
826589191412862976,C001122,Joe Cunningham,JoeCunninghamSC,House,SC,100
254082173,W000795,Joe Wilson,RepJoeWilson,House,SC,200
15116570,W000795,Joe Wilson,CongJoeWilson,House,SC,200
61886317,N000190,Ralph Norman,RalphNorman,House,SC,200
880480631108644864,N000190,Ralph Norman,RepRalphNorman,House,SC,200
1058345042,R000597,Tom Rice,RepTomRice,House,SC,200
720672102,R000597,Tom Rice,TomRiceSC7,House,SC,200
1079770852302958592,T000480,William Timmons,reptimmons,House,SC,200
958510641228275712,T000480,William Timmons,votetimmons,House,SC,200
1074782372594413569,J000301,Dusty Johnson,RepDustyJohnson,House,SD,200
140529899,J000301,Dusty Johnson,DustyJohnson,House,SD,200
235190657,F000459,Chuck Fleischmann,RepChuck,House,TN,200
50036176,F000459,Chuck Fleischmann,chuck4congress,House,TN,200
816012124505931780,K000392,David Kustoff,repdavidkustoff,House,TN,200
317386234,K000392,David Kustoff,DavidKustoff,House,TN,200
22523087,C000754,Jim Cooper,repjimcooper,House,TN,100
600470774,C000754,Jim Cooper,coopforcongress,House,TN,100
1081312310059253763,R000612,John Rose,RepJohnRose,House,TN,200
894940941039144962,R000612,John Rose,JohnRoseforTN,House,TN,200
1080477288955826176,G000590,Mark Green,RepMarkGreen,House,TN,200
93412074,G000590,Mark Green,DrMarkGreen4TN,House,TN,200
52503751,R000582,Phil Roe,DrPhilRoe,House,TN,200
235312723,D000616,Scott DesJarlais,DesJarlaisTN04,House,TN,200
27775884,D000616,Scott DesJarlais,tndesjarlais,House,TN,200
162069635,C001068,Steve Cohen,RepCohen,House,TN,100
34884583,C001068,Steve Cohen,ReElectCohen,House,TN,100
1028854804087492613,B001309,Tim Burchett,RepTimBurchett,House,TN,200
353890966,B001309,Tim Burchett,timburchett,House,TN,200
156333623,G000553,Al Green,RepAlGreen,House,TX,100
327625079,G000553,Al Green,RepAlGreenTX,House,TX,100
237312687,F000461,Bill Flores,RepBillFlores,House,TX,200
97171189,F000461,Bill Flores,Flores4Congress,House,TX,200
2929491549,B001291,Brian Babin,RepBrianBabin,House,TX,200
2249022318,B001291,Brian Babin,Babin4Congress,House,TX,200
1082790600292925440,R000614,Chip Roy,RepChipRoy,House,TX,200
1257667158,R000614,Chip Roy,chiproytx,House,TX,200
1078355119920562176,A000376,Colin Allred,RepColinAllred,House,TX,100
346964561,A000376,Colin Allred,ColinAllredTX,House,TX,100
1080894931311431682,C001120,Dan Crenshaw,RepDanCrenshaw,House,TX,200
930552552302792705,C001120,Dan Crenshaw,DanCrenshawTX,House,TX,200
168502762,J000126,Eddie Bernice Johnson,RepEBJ,House,TX,100
1083448909,V000132,Filemon Vela,RepFilemonVela,House,TX,100
790194992,V000132,Filemon Vela,FilemonVela,House,TX,100
210926192,C001063,Henry Cuellar,RepCuellar,House,TX,100
1239664741,C001063,Henry Cuellar,CuellarCampaign,House,TX,100
231510077,C001091,Joaquin Castro,JoaquinCastrotx,House,TX,100
323440720,C001091,Joaquin Castro,Castro4Congress,House,TX,100
816284664658874368,A000375,Jodey Arrington,RepArrington,House,TX,200
3609064098,A000375,Jodey Arrington,JodeyArrington,House,TX,200
18030431,C001051,John Carter,JudgeCarter,House,TX,200
404355121,C001051,John Carter,JudgeJohnCarter,House,TX,200
81139286,C001051,John Carter,RepJohnCarter,House,TX,200
2847221717,R000601,John Ratcliffe,RepRatcliffe,House,TX,200
2196360306,R000601,John Ratcliffe,RatcliffeTX4,House,TX,200
161743731,G000377,Kay Granger,RepKayGranger,House,TX,200
3644923701,G000377,Kay Granger,kay_granger,House,TX,200
23976316,M001158,Kenny Marchant,RepKenMarchant,House,TX,200
93443168,M001158,Kenny Marchant,MarchantforTX24,House,TX,200
19926675,B000755,Kevin Brady,RepKevinBrady,House,TX,200
570005456,B000755,Kevin Brady,bradyfortexas,House,TX,200
412595957,G000589,Lance Gooden,RepLanceGooden,House,TX,200
1029094268542099457,G000589,Lance Gooden,Lancegooden,House,TX,200
1075904377221722113,F000468,Lizzie Fletcher,RepFletcher,House,TX,100
857009033882083329,F000468,Lizzie Fletcher,Lizzie4Congress,House,TX,100
153944899,D000399,Lloyd Doggett,RepLloydDoggett,House,TX,100
170111219,D000399,Lloyd Doggett,LloydDoggettTX,House,TX,100
22055226,G000552,Louie Gohmert,replouiegohmert,House,TX,200
4827594804,G000552,Louie Gohmert,LouieGohmertTX1,House,TX,200
377534571,T000238,Mac Thornberry,MacTXPress,House,TX,200
1137590713,T000238,Mac Thornberry,MacThornberry,House,TX,200
1074129612,V000131,Mark Veasey,RepVeasey,House,TX,100
20688358,V000131,Mark Veasey,MarcVeasey,House,TX,100
15751083,B001248,Michael C. Burgess,michaelcburgess,House,TX,200
23725826,C001115,Michael Cloud,michaeljcloud,House,TX,200
1039879658400112640,C001115,Michael Cloud,RepCloudTX,House,TX,200
26424123,M001157,Michael McCaul,RepMcCaul,House,TX,200
743601590,M001157,Michael McCaul,McCaulforTexas,House,TX,200
295685416,C001062,Mike Conaway,ConawayTX11,House,TX,200
20053279,O000168,Pete Olson,RepPeteOlson,House,TX,200
12726012,O000168,Pete Olson,PeteOlson,House,TX,200
1058051748,W000814,Randy Weber,TXRandy14,House,TX,200
373586796,W000814,Randy Weber,WeberforTexas,House,TX,200
1077446982,W000816,Roger Williams,RepRWilliams,House,TX,200
18197328,W000816,Roger Williams,RogerWilliamsTX,House,TX,200
1080854935535800320,W000827,Ron Wright,RepRonWright,House,TX,200
951930981409284096,W000827,Ron Wright,ron4congress,House,TX,200
80612021,J000032,Sheila Jackson Lee,JacksonLeeTX18,House,TX,100
4002888226,J000032,Sheila Jackson Lee,sjl4hrc,House,TX,100
1080587263132733442,G000587,Sylvia Garcia,RepSylviaGarcia,House,TX,100
40557819,G000587,Sylvia Garcia,LaCongresista,House,TX,100
1075040139351597056,T000479,Van Taylor,RepVanTaylor,House,TX,200
21826591,T000479,Van Taylor,VanTaylorTX,House,TX,200
1075517806551154689,E000299,Veronica Escobar,RepEscobar,House,TX,100
38960144,E000299,Veronica Escobar,vgescobar,House,TX,100
818536152588238849,G000581,Vicente Gonzalez,RepGonzalez,House,TX,100
2963445730,H001073,Will Hurd,HurdOnTheHill,House,TX,200
74313566,H001073,Will Hurd,WillHurd,House,TX,200
196362083,M001209,Ben McAdams,RepBenMcAdams,House,UT,100
48255275,M001209,Ben McAdams,BenMcAdams,House,UT,100
1072008757,S001192,Chris Stewart,RepChrisStewart,House,UT,200
395419988,S001192,Chris Stewart,StewartforUtah,House,UT,200
931614483050414080,C001114,John Curtis,RepJohnCurtis,House,UT,200
26057209,C001114,John Curtis,CurtisUT,House,UT,200
712783082336571392,B001250,Rob Bishop,RobBishopUT,House,UT,200
148006729,B001250,Rob Bishop,RepRobBishop,House,UT,200
1078771401497161728,S001209,Abigail Spanberger,RepSpanberger,House,VA,100
882958562296819714,S001209,Abigail Spanberger,SpanbergerVA07,House,VA,100
1072158357237174272,C001118,Ben Cline,RepBenCline,House,VA,200
40264497,C001118,Ben Cline,Cline4Virginia,House,VA,200
161791703,S000185,Bobby Scott,BobbyScott,House,VA,100
319829219,S000185,Bobby Scott,BobbyScott4VA3,House,VA,100
1080504024695222273,R000611,Denver Riggleman,RepRiggleman,House,VA,200
818507671284416513,R000611,Denver Riggleman,Denver4VA,House,VA,200
2962868158,B001292,Don Beyer,RepDonBeyer,House,VA,100
2319503065,B001292,Don Beyer,DonBeyerVA,House,VA,100
816181091673448448,M001200,Donald McEachin,RepMcEachin,House,VA,100
459051498,M001200,Donald McEachin,Donald_McEachin,House,VA,100
1080292515939565568,L000591,Elaine Luria,RepElaineLuria,House,VA,100
950111395378597888,L000591,Elaine Luria,ElaineLuriaVA,House,VA,100
78445977,C001078,Gerry Connolly,GerryConnolly,House,VA,100
125706625,C001078,Gerry Connolly,ElectConnolly,House,VA,100
1017819745880543238,W000825,Jennifer Wexton,RepWexton,House,VA,100
2212905492,W000825,Jennifer Wexton,JenniferWexton,House,VA,100
234057152,G000568,Morgan Griffith,RepMGriffith,House,VA,200
130714799,G000568,Morgan Griffith,MorganGriffith,House,VA,200
15356407,W000804,Rob Wittman,RobWittman,House,VA,200
46184745,W000804,Rob Wittman,ReElectWittman,House,VA,200
1410590874,W000800,Peter Welch,PeterWelch,House,VT,100
499109830,W000800,Peter Welch,WelchForVT,House,VT,100
58928690,S000510,Adam Smith,RepAdamSmith,House,WA,100
50789200,S000510,Adam Smith,electadamsmith,House,WA,100
17976923,M001159,Cathy McMorris Rodgers,cathymcmorris,House,WA,200
130733698,M001159,Cathy McMorris Rodgers,TeamCMR,House,WA,200
2930635215,N000189,Dan Newhouse,RepNewhouse,House,WA,200
1068499286,H001064,Denny Heck,RepDennyHeck,House,WA,100
64248024,H001064,Denny Heck,DennyHeck,House,WA,100
1058917562,K000381,Derek Kilmer,RepDerekKilmer,House,WA,100
120518554,K000381,Derek Kilmer,DerekKilmer,House,WA,100
242926427,H001056,Jaime Herrera Beutler,HerreraBeutler,House,WA,200
97963837,H001056,Jaime Herrera Beutler,JaimeForUSRep,House,WA,200
1080462532815532032,S001216,Kim Schrier,RepKimSchrier,House,WA,100
862393019173003264,S001216,Kim Schrier,DrKimSchrier,House,WA,100
815733290955112448,J000298,Pramila Jayapal,RepJayapal,House,WA,100
193441812,J000298,Pramila Jayapal,PramilaJayapal,House,WA,100
404132211,L000560,Rick Larsen,RepRickLarsen,House,WA,100
158520264,L000560,Rick Larsen,larsenrick,House,WA,100
995193054,D000617,Suzan DelBene,RepDelBene,House,WA,100
41225640,D000617,Suzan DelBene,SuzanDelBene,House,WA,100
1075205691621720064,S001213,Bryan Steil,RepBryanSteil,House,WI,200
986423555025002497,S001213,Bryan Steil,BryanSteil,House,WI,200
2976606250,G000576,Glenn Grothman,RepGrothman,House,WI,200
2432952828,G000576,Glenn Grothman,GrothmanforWI,House,WI,200
22669526,M001160,Gwen Moore,RepGwenMoore,House,WI,100
784965392,M001160,Gwen Moore,Gwen4Congress,House,WI,100
851621377,S000244,Jim Sensenbrenner,JimPressOffice,House,WI,200
1206227149,P000607,Mark Pocan,repmarkpocan,House,WI,100
309070309,P000607,Mark Pocan,MarkPocan,House,WI,100
815966620300480514,G000579,Mike Gallagher,RepGallagher,House,WI,200
1558285818,G000579,Mike Gallagher,MikeforWI,House,WI,200
112740986,K000188,Ron Kind,RepRonKind,House,WI,100
156045092,K000188,Ron Kind,KindforCongress,House,WI,100
234022257,D000614,Sean Duffy,RepSeanDuffy,House,WI,200
18229117,D000614,Sean Duffy,Duffy4Wisconsin,House,WI,200
2964526557,M001195,Alex Mooney,RepAlexMooney,House,WV,200
1491350114,M001195,Alex Mooney,MooneyforWV,House,WV,200
1081318716573470720,M001205,Carol Miller,RepCarolMiller,House,WV,200
841994444,M001205,Carol Miller,CarolMillerWV,House,WV,200
240427862,M001180,David McKinley,RepMcKinley,House,WV,200
101843722,M001180,David McKinley,mckinley4cong,House,WV,200
816719802328715264,C001109,Liz Cheney,RepLizCheney,House,WY,200
98471035,C001109,Liz Cheney,Liz_Cheney,House,WY,200
2891210047,S001198,Dan Sullivan,SenDanSullivan,Senate,AK,200
1869975300,S001198,Dan Sullivan,DanSullivan_AK,Senate,AK,200
18061669,M001153,Lisa Murkowski,lisamurkowski,Senate,AK,200
151247615,M001153,Lisa Murkowski,LisaForSenate,Senate,AK,200
239548513,J000300,Doug Jones,DougJones,Senate,AL,100
941080085121175552,J000300,Doug Jones,SenDougJones,Senate,AL,100
21111098,S000320,Richard Shelby,SenShelby,Senate,AL,200
4011378557,S000320,Richard Shelby,ShelbyForSenate,Senate,AL,200
5558312,B001236,John Boozman,JohnBoozman,Senate,AR,200
111671288,B001236,John Boozman,Boozman4AR,Senate,AR,200
968650362,C001095,Tom Cotton,SenTomCotton,Senate,AR,200
343041182,C001095,Tom Cotton,TomCottonAR,Senate,AR,200
1080844782,S001191,Kyrsten Sinema,SenatorSinema,Senate,AZ,100
20747881,S001191,Kyrsten Sinema,kyrstensinema,Senate,AZ,100
2964949642,M001197,Martha McSally,SenMcSallyAZ,Senate,AZ,200
482450423,M001197,Martha McSally,MarthaMcSally,Senate,AZ,200
476256944,F000062,Dianne Feinstein,SenFeinstein,Senate,CA,100
378631423,F000062,Dianne Feinstein,DianneFeinstein,Senate,CA,100
803694179079458816,H001075,Kamala Harris,SenKamalaHarris,Senate,CA,100
30354991,H001075,Kamala Harris,KamalaHarris,Senate,CA,100
235217558,G000562,Cory Gardner,SenCoryGardner,Senate,CO,200
20879626,G000562,Cory Gardner,CoryGardner,Senate,CO,200
224285242,B001267,Michael Bennet,SenatorBennet,Senate,CO,100
45645232,B001267,Michael Bennet,MichaelBennet,Senate,CO,100
2853793517,M001169,Chris Murphy,SenMurphyOffice,Senate,CT,100
150078976,M001169,Chris Murphy,ChrisMurphyCT,Senate,CT,100
278124059,B001277,Richard Blumenthal,SenBlumenthal,Senate,CT,100
102477372,B001277,Richard Blumenthal,DickBlumenthal,Senate,CT,100
435500714,C001088,Chris Coons,SenCoonsOffice,Senate,DE,100
15324851,C001088,Chris Coons,ChrisCoons,Senate,DE,100
823302838524739584,C001088,Chris Coons,ChrisCoonsforDE,Senate,DE,100
249787913,C000174,Tom Carper,SenatorCarper,Senate,DE,100
381577682,C000174,Tom Carper,TomCarperforDE,Senate,DE,100
229966028,R000595,Marco Rubio,SenRubioPress,Senate,FL,200
15745368,R000595,Marco Rubio,marcorubio,Senate,FL,200
131546062,S001217,Rick Scott,SenRickScott,Senate,FL,200
306389855,S001217,Rick Scott,ScottforFlorida,Senate,FL,200
2863210809,P000612,David Perdue,sendavidperdue,Senate,GA,200
1397501864,P000612,David Perdue,Perduesenate,Senate,GA,200
78403308,I000055,Johnny Isakson,SenatorIsakson,Senate,GA,200
253252536,I000055,Johnny Isakson,JohnnyIsakson,Senate,GA,200
29495695,L000594,Kelly Loeffler,kloeffler,Senate,GA,200
1200451909406121984,L000594,Kelly Loeffler,SenatorLoeffler,Senate,GA,200
1262099252,S001194,Brian Schatz,SenBrianSchatz,Senate,HI,100
47747074,S001194,Brian Schatz,brianschatz,Senate,HI,100
1284467173,S001194,Brian Schatz,SchatzforHawaii,Senate,HI,100
92186819,H001042,Mazie Hirono,maziehirono,Senate,HI,100
169198625,H001042,Mazie Hirono,mazieforhawaii,Senate,HI,100
118740781,G000386,Chuck Grassley,GrassleyWorks,Senate,IA,200
10615232,G000386,Chuck Grassley,ChuckGrassley,Senate,IA,200
294126378,G000386,Chuck Grassley,GrassleyPress,Senate,IA,200
2856787757,E000295,Joni Ernst,SenJoniErnst,Senate,IA,200
1383059977,E000295,Joni Ernst,joniernst,Senate,IA,200
1952510636,E000295,Joni Ernst,TeamJoni,Senate,IA,200
1096059529,R000584,Jim Risch,SenatorRisch,Senate,ID,200
1095504170,R000584,Jim Risch,JimRisch,Senate,ID,200
600463589,C000880,Mike Crapo,MikeCrapo,Senate,ID,200
413160266,C000880,Mike Crapo,crapoforsenate,Senate,ID,200
247334603,D000563,Dick Durbin,SenatorDurbin,Senate,IL,100
308794407,D000563,Dick Durbin,DickDurbin,Senate,IL,100
1058520120,D000622,Tammy Duckworth,SenDuckworth,Senate,IL,100
328679423,D000622,Tammy Duckworth,TammyforIL,Senate,IL,100
1080870981877534720,B001310,Mike Braun,SenatorBraun,Senate,IN,200
1861019372,B001310,Mike Braun,braun4indiana,Senate,IN,200
234128524,Y000064,Todd Young,SenToddYoung,Senate,IN,200
59969802,Y000064,Todd Young,ToddYoungIN,Senate,IN,200
18632666,M000934,Jerry Moran,JerryMoran,Senate,KS,200
18632809,M000934,Jerry Moran,moranforkansas,Senate,KS,200
75364211,R000307,Pat Roberts,SenPatRoberts,Senate,KS,200
586730005,R000307,Pat Roberts,PatRoberts,Senate,KS,200
339822881,M000355,Mitch McConnell,McConnellPress,Senate,KY,200
1249982359,M000355,Mitch McConnell,SenateMajLdr,Senate,KY,200
365530059,M000355,Mitch McConnell,Team_Mitch,Senate,KY,200
216881337,P000603,Rand Paul,RandPaul,Senate,KY,200
39834947,P000603,Rand Paul,DrRandPaul,Senate,KY,200
55677432,C001075,Bill Cassidy,BillCassidy,Senate,LA,200
1017500185356853248,C001075,Bill Cassidy,SenBillCassidy,Senate,LA,200
816683274076614656,K000393,John Kennedy,SenJohnKennedy,Senate,LA,200
26594419,K000393,John Kennedy,JohnKennedyLA,Senate,LA,200
21406834,M000133,Ed Markey,SenMarkey,Senate,MA,100
1129029661,M000133,Ed Markey,EdMarkey,Senate,MA,100
970207298,W000817,Elizabeth Warren,SenWarren,Senate,MA,100
357606935,W000817,Elizabeth Warren,ewarren,Senate,MA,100
109071031,C000141,Ben Cardin,SenatorCardin,Senate,MD,100
278094476,C000141,Ben Cardin,BenCardinforMD,Senate,MD,100
18137749,V000128,Chris Van Hollen,ChrisVanHollen,Senate,MD,100
3067974778,V000128,Chris Van Hollen,VanHollenForMD,Senate,MD,100
1068481578,K000383,Angus King,SenAngusKing,Senate,ME,328
1068540380,K000383,Angus King,AngusKing2018,Senate,ME,328
516114909,K000383,Angus King,AngusforMaine,Senate,ME,328
19726613,C001035,Susan Collins,SenatorCollins,Senate,ME,200
76456274,S000770,Debbie Stabenow,SenStabenow,Senate,MI,100
20113797,S000770,Debbie Stabenow,stabenow,Senate,MI,100
236511574,P000595,Gary Peters,SenGaryPeters,Senate,MI,100
145292853,P000595,Gary Peters,GaryPeters,Senate,MI,100
33537967,K000367,Amy Klobuchar,amyklobuchar,Senate,MN,100
22044727,K000367,Amy Klobuchar,SenAmyKlobuchar,Senate,MN,100
47724293,S001203,Tina Smith,TinaSmithMN,Senate,MN,100
941000686275387392,S001203,Tina Smith,SenTinaSmith,Senate,MN,100
1080960924687704064,H001089,Josh Hawley,SenHawleyPress,Senate,MO,200
2352629311,H001089,Josh Hawley,HawleyMO,Senate,MO,200
978689650209558530,H001089,Josh Hawley,TeamHawley,Senate,MO,200
21269970,B000575,Roy Blunt,RoyBlunt,Senate,MO,200
238177562,B000575,Roy Blunt,RoyBluntPress,Senate,MO,200
389554914,B000575,Roy Blunt,RoyBluntMO,Senate,MO,200
120943265,B000575,Roy Blunt,BluntBrigade,Senate,MO,200
262192574,H001079,Cindy Hyde-Smith,cindyhydesmith,Senate,MS,200
983348251972816896,H001079,Cindy Hyde-Smith,SenHydeSmith,Senate,MS,200
264219447,W000437,Roger Wicker,SenatorWicker,Senate,MS,200
11650762,W000437,Roger Wicker,RogerWicker,Senate,MS,200
515822213,T000464,Jon Tester,SenatorTester,Senate,MT,100
16473577,T000464,Jon Tester,jontester,Senate,MT,100
11651202,D000618,Steve Daines,SteveDaines,Senate,MT,200
214767677,D000618,Steve Daines,DainesforMT,Senate,MT,200
21157904,B001135,Richard Burr,SenatorBurr,Senate,NC,200
213339899,B001135,Richard Burr,BurrForSenate,Senate,NC,200
2964174789,T000476,Thom Tillis,SenThomTillis,Senate,NC,200
22195441,T000476,Thom Tillis,ThomTillis,Senate,NC,200
382791093,H001061,John Hoeven,SenJohnHoeven,Senate,ND,200
106733567,H001061,John Hoeven,hoeven4senate,Senate,ND,200
1048784496,C001096,Kevin Cramer,SenKevinCramer,Senate,ND,200
28267055,C001096,Kevin Cramer,kevincramer,Senate,ND,200
2962923040,S001197,Ben Sasse,SenSasse,Senate,NE,200
1480852568,S001197,Ben Sasse,BenSasse,Senate,NE,200
1071402577,F000463,Deb Fischer,SenatorFischer,Senate,NE,200
361509785,F000463,Deb Fischer,DebSFischer,Senate,NE,200
323490669,F000463,Deb Fischer,DebFischerNE,Senate,NE,200
109287731,S001181,Jeanne Shaheen,SenatorShaheen,Senate,NH,100
14125897,S001181,Jeanne Shaheen,JeanneShaheen,Senate,NH,100
946549322,H001076,Maggie Hassan,SenatorHassan,Senate,NH,100
361569788,H001076,Maggie Hassan,Maggie_Hassan,Senate,NH,100
18695134,M000639,Bob Menendez,SenatorMenendez,Senate,NJ,100
407039290,M000639,Bob Menendez,BobMenendezNJ,Senate,NJ,100
2167097881,B001288,Cory Booker,SenBooker,Senate,NJ,100
15808765,B001288,Cory Booker,corybooker,Senate,NJ,100
1603426344,B001288,Cory Booker,Booker4Senate,Senate,NJ,100
1099199839,H001046,Martin Heinrich,MartinHeinrich,Senate,NM,100
183062944,H001046,Martin Heinrich,TeamHeinrich,Senate,NM,100
60828944,U000039,Tom Udall,SenatorTomUdall,Senate,NM,100
325231436,U000039,Tom Udall,TomUdallPress,Senate,NM,100
14140370,U000039,Tom Udall,tomudall,Senate,NM,100
811313565760163844,C001113,Catherine Cortez Masto,SenCortezMasto,Senate,NV,100
3145735852,C001113,Catherine Cortez Masto,CatherineForNV,Senate,NV,100
818554054309715969,R000608,Jacky Rosen,SenJackyRosen,Senate,NV,100
4749863113,R000608,Jacky Rosen,RosenforNevada,Senate,NV,100
17494010,S000148,Chuck Schumer,SenSchumer,Senate,NY,100
1872999342,S000148,Chuck Schumer,chuckschumer,Senate,NY,100
72198806,G000555,Kirsten Gillibrand,SenGillibrand,Senate,NY,100
899978622416695297,G000555,Kirsten Gillibrand,gillibrandny,Senate,NY,100
18915145,P000449,Rob Portman,senrobportman,Senate,OH,200
240790556,P000449,Rob Portman,PortmanPress,Senate,OH,200
2612307559,P000449,Rob Portman,robportman,Senate,OH,200
43910797,B000944,Sherrod Brown,SenSherrodBrown,Senate,OH,100
24768753,B000944,Sherrod Brown,SherrodBrown,Senate,OH,100
225921757,L000575,James Lankford,SenatorLankford,Senate,OK,200
27044466,L000575,James Lankford,jameslankford,Senate,OK,200
20546536,I000024,Jim Inhofe,InhofePress,Senate,OK,200
7270292,I000024,Jim Inhofe,JimInhofe,Senate,OK,200
29201047,M001176,Jeff Merkley,SenJeffMerkley,Senate,OR,100
223166587,M001176,Jeff Merkley,JeffMerkley,Senate,OR,100
250188760,W000779,Ron Wyden,RonWyden,Senate,OR,100
292495654,W000779,Ron Wyden,WydenPress,Senate,OR,100
122124607,W000779,Ron Wyden,WydenForOregon,Senate,OR,100
171598736,C001070,Bob Casey Jr.,SenBobCasey,Senate,PA,100
94154021,C001070,Bob Casey Jr.,Bob_Casey,Senate,PA,100
221162525,T000461,Pat Toomey,SenToomey,Senate,PA,200
26062385,T000461,Pat Toomey,PatToomey,Senate,PA,200
486694111,R000122,Jack Reed,SenJackReed,Senate,RI,100
242555999,W000802,Sheldon Whitehouse,SenWhitehouse,Senate,RI,100
770121222,W000802,Sheldon Whitehouse,SheldonforRI,Senate,RI,100
14845376,G000359,Lindsey Graham,GrahamBlog,Senate,SC,200
432895323,G000359,Lindsey Graham,LindseyGrahamSC,Senate,SC,200
217543151,S001184,Tim Scott,SenatorTimScott,Senate,SC,200
81191343,S001184,Tim Scott,votetimscott,Senate,SC,200
296361085,T000250,John Thune,SenJohnThune,Senate,SD,200
26533227,T000250,John Thune,johnthune,Senate,SD,200
2955485182,R000605,Mike Rounds,SenatorRounds,Senate,SD,200
978029858,R000605,Mike Rounds,RoundsforSenate,Senate,SD,200
76649729,A000360,Lamar Alexander,SenAlexander,Senate,TN,200
21669223,A000360,Lamar Alexander,LamarAlexander,Senate,TN,200
278145569,B001243,Marsha Blackburn,MarshaBlackburn,Senate,TN,200
63150856,B001243,Marsha Blackburn,VoteMarsha,Senate,TN,200
13218102,C001056,John Cornyn,JohnCornyn,Senate,TX,200
1648117711,C001056,John Cornyn,TeamCornyn,Senate,TX,200
1074480192,C001098,Ted Cruz,SenTedCruz,Senate,TX,200
1379584350,C001098,Ted Cruz,TeamTedCruz,Senate,TX,200
23022687,C001098,Ted Cruz,tedcruz,Senate,TX,200
88784440,L000577,Mike Lee,SenMikeLee,Senate,UT,200
2164909022,L000577,Mike Lee,MikeLeeforUtah,Senate,UT,200
1078693601356509184,R000615,Mitt Romney,SenatorRomney,Senate,UT,200
50055701,R000615,Mitt Romney,MittRomney,Senate,UT,200
7429102,W000805,Mark Warner,MarkWarner,Senate,VA,100
409719505,W000805,Mark Warner,MarkWarnerVA,Senate,VA,100
1267940407,K000384,Tim Kaine,SenKaineOffice,Senate,VA,100
172858784,K000384,Tim Kaine,timkaine,Senate,VA,100
987013218441801728,K000384,Tim Kaine,TeamKaine,Senate,VA,100
29442313,S000033,Bernie Sanders,SenSanders,Senate,VT,328
216776631,S000033,Bernie Sanders,BernieSanders,Senate,VT,328
242836537,L000174,Patrick Leahy,SenatorLeahy,Senate,VT,100
4917423588,L000174,Patrick Leahy,PatrickLeahy,Senate,VT,100
117501995,C000127,Maria Cantwell,SenatorCantwell,Senate,WA,100
35567751,C000127,Maria Cantwell,MariaCantwell,Senate,WA,100
293131808,M001111,Patty Murray,PattyMurray,Senate,WA,100
158470209,M001111,Patty Murray,MurrayCampaign,Senate,WA,100
233737858,J000293,Ron Johnson,SenRonJohnson,Senate,WI,200
142332083,J000293,Ron Johnson,RonJohnsonWI,Senate,WI,200
1074518754,B001230,Tammy Baldwin,SenatorBaldwin,Senate,WI,100
87510313,B001230,Tammy Baldwin,tammybaldwin,Senate,WI,100
234374703,M001183,Joe Manchin,Sen_JoeManchin,Senate,WV,100
113355380,M001183,Joe Manchin,JoeManchinWV,Senate,WV,100
193794406,C001047,Shelley Moore Capito,SenCapito,Senate,WV,200
158890005,C001047,Shelley Moore Capito,CapitoforWV,Senate,WV,200
202206694,B001261,John Barrasso,SenJohnBarrasso,Senate,WY,200
499268312,B001261,John Barrasso,barrassoforwyo,Senate,WY,200
291756142,E000285,Mike Enzi,SenatorEnzi,Senate,WY,200
1848942470,E000285,Mike Enzi,EnziforWyo,Senate,WY,200
